{"time": [5.0, 10.0, 15.0, 20.0, 25.0, 30.0, 35.0, 40.0, 45.0, 50.0, 55.0, 60.0, 65.0, 70.0, 75.0, 80.0, 85.0, 90.0, 95.0, 100.0, 105.0, 110.0, 115.0, 120.0, 125.0, 130.0, 135.0, 140.0, 145.0, 150.0, 155.0, 160.0, 165.0, 170.0, 175.0, 180.0, 185.0, 190.0, 195.0, 200.0, 205.0, 210.0, 215.0, 220.0, 225.0, 230.0, 235.0, 240.0, 245.0, 250.0, 255.0, 260.0, 265.0, 270.0, 275.0, 280.0, 285.0, 290.0, 295.0, 300.0, 305.0, 310.0, 315.0, 320.0, 325.0, 330.0, 335.0, 340.0, 345.0, 350.0, 355.0, 360.0, 365.0, 370.0, 375.0, 380.0, 385.0, 390.0, 395.0, 400.0, 405.0, 410.0, 415.0, 420.0, 425.0, 430.0, 435.0, 440.0, 445.0, 450.0, 455.0, 460.0, 465.0, 470.0, 475.0, 480.0, 485.0, 490.0, 495.0, 500.0, 505.0, 510.0, 515.0, 520.0, 525.0, 530.0, 535.0, 540.0, 545.0, 550.0, 555.0, 560.0, 565.0, 570.0, 575.0, 580.0, 585.0, 590.0, 595.0, 600.0, 605.0, 610.0, 615.0, 620.0, 625.0, 630.0, 635.0, 640.0, 645.0, 650.0, 655.0, 660.0, 665.0, 670.0, 675.0, 680.0, 685.0, 690.0, 695.0, 700.0, 705.0, 710.0, 715.0, 720.0, 725.0, 730.0, 735.0, 740.0, 745.0, 750.0, 755.0, 760.0, 765.0, 770.0, 775.0, 780.0, 785.0, 790.0, 795.0, 800.0, 805.0, 810.0, 815.0, 820.0, 825.0, 830.0, 835.0, 840.0, 845.0, 850.0, 855.0, 860.0, 865.0, 870.0, 875.0], "velocity": [1.7953411764705884, 3.5878435756248, 5.371847590329083, 7.14177408316948, 9.424888362462516, 11.674690694770375, 13.882685402091939, 16.040980653412703, 18.142395458128092, 20.180545179557896, 22.14990380109693, 24.045842313357646, 25.65000576831489, 26.830917278186483, 27.7243305953933, 28.41179031834603, 28.946796586000886, 29.366475483407847, 29.697586216022984, 29.959937746445583, 0.0, 0.0, 0.0, 1.7953411764705884, 3.5878435756248, 5.371847590329083, 7.14177408316948, 3.5652530683448695, 5.349399400258459, 7.1195378580108475, 3.5432961347935614, 5.327579931032326, 7.097923566375938, 3.5219524884081808, 5.306369095451979, 7.076911381310323, 3.501202620423529, 5.285747574236583, 7.056482231624496, 3.4810277635517184, 5.265696780279426, 7.036617766829076, 3.4614098576910224, 5.24619882489466, 7.017300324016448, 3.4423315175321654, 5.227236485925818, 6.998512896563386, 3.423776001940096, 5.208793177596832, 6.980239104538333, 9.265362479115836, 11.517790744364838, 13.728990299173505, 15.89102312739547, 17.996655205756433, 20.03944359849722, 22.013800391702393, 23.91503275650206, 25.639833932425116, 26.901873315839236, 27.853468168151423, 23.638592585850954, 24.041551827890693, 20.00089960647891, 16.116980332047714, 12.356607370188682, 14.55016943402391, 16.6917499812932, 18.774404188974437, 20.792005205022022, 22.739299107047817, 24.611936010362843, 26.143851184400905, 27.27932714637685, 28.142058945602226, 28.80787415013904, 29.32716138250475, 29.735191059512232, 30.000000000000004, 25.675752941176473, 26.92865296324318, 27.87388595741103, 28.600025051160472, 29.16457257681079, 0.0, 0.0, 0.0, 1.7953411764705884, 3.5878435756248, 5.371847590329083, 7.14177408316948, 9.424888362462516, 11.674690694770375, 13.882685402091939, 10.181345359295056, 6.558450214520049, 2.9889676130370324, 4.776440510317798, 6.55168862641535, 2.982284096580068, 4.76979214243753, 6.545096155007417, 2.9757676666044754, 4.763309906575354, 6.538668343891667, 2.9694139239236095, 4.756989432307912, 6.532400864955871, 8.822853889936923, 11.082331598006611, 13.30219868673804, 15.47439209187385, 17.591533234160725, 19.647019442683757, 15.775457194257509, 12.024677027947458, 8.365731357586911, 4.77249383543266, 6.5477751427797495, 8.838051056711615, 11.097292383585339, 13.316867228103288, 15.488716745189022, 17.605467257090258, 19.66052152949791, 21.64812714784499, 17.703785776184866, 13.896147291534417, 10.194477898974968, 12.43098237998474, 14.622920770409458, 16.762632096240694, 18.843197839780036, 20.858519685363564, 22.80337367616835, 24.673440529604513, 26.188734106346264, 27.31311117148838, 23.124489510433122, 19.121932082085618, 15.268298705530922, 17.39101996443656, 19.452683946229943, 21.447449099903604, 23.309116042038767, 24.634290345229296, 25.616504031104704, 26.361681977602622, 26.935516678725897, 27.38191438961027, 27.731688173167438, 28.007200476459143, 23.78476164128447, 19.754925818190785, 15.879618998402687, 12.125934881655859, 8.464835466704075, 10.729764218536031, 12.95640424164074, 15.136594644483155, 17.262842696581973, 19.32841868879737, 21.327428153673033, 23.254860336190358, 24.954328413630826, 26.19295070764836, 27.124266612324252, 27.837868837410376, 28.391495670225197, 28.824736001318403, 29.165882241563175, 29.435747192586625, 29.649963961801717, 25.344105995098154], "power": [32.16652941176471, 64.282197396611, 96.24560266006274, 127.95678565678652, 185.74884147686544, 230.08869577609946, 273.6045914662286, 316.14099371100866, 357.5563771539411, 397.72491124712025, 436.5376874132853, 473.90347559242366, 487.0017535588323, 477.563477382451, 471.74640717022237, 467.8650289762833, 465.14136290183995, 463.16354544151943, 461.6920306186607, 460.57759474415974, 0.0, 0.0, 0.0, 32.16652941176471, 64.282197396611, 96.24560266006274, 127.95678565678652, 0.0, 95.84340592129739, 127.55838662269434, 0.0, 95.45247376432917, 127.17113056423555, 0.0, 95.07244629351462, 126.79466224847663, 0.0, 94.70297737173878, 126.42863998327222, 0.0, 94.34373398000639, 126.07273498902094, 0.0, 93.99439561269598, 125.72663080529469, 0.0, 93.6546537061709, 125.39002273009399, 0.0, 93.32421109860991, 125.06261728964513, 182.6048521925746, 226.9964592535237, 270.57551714621115, 313.18558080241905, 354.6840796801164, 394.944034253716, 433.85531605313463, 471.3254372427281, 496.73558796784005, 486.12545531864623, 479.70893030968574, 0.0, 357.9488129550798, 0.0, 0.0, 0.0, 286.75958926222125, 328.96657254798686, 370.0122158910379, 409.7757692489757, 448.1536865680674, 485.06023887090106, 492.15832211072177, 483.4428472038042, 477.9728869671989, 474.28172462584524, 471.67174991551826, 469.7661850734686, 467.446130484961, 0.0, 485.92863155810335, 479.583173336432, 475.3898909879317, 472.46566190471543, 0.0, 0.0, 0.0, 32.16652941176471, 64.282197396611, 96.24560266006274, 127.95678565678652, 185.74884147686544, 230.08869577609946, 273.6045914662286, 0.0, 0.0, 0.0, 85.5778924765272, 117.38442122327501, 0.0, 85.45877588533908, 117.26630611054954, 0.0, 85.34263582614174, 117.15114116139236, 0.0, 85.22939399551674, 117.03884883045936, 173.88374541417352, 218.41428524404697, 262.1641657844622, 304.97447747734714, 346.69980082325094, 387.21000818289235, 0.0, 0.0, 0.0, 0.0, 117.3143046414705, 174.18325624269144, 218.70913739316106, 262.4532582872023, 305.256792519767, 346.9744171918205, 387.4761118105213, 426.6485058721116, 0.0, 0.0, 0.0, 244.9939444055326, 288.1933968501531, 330.36354089674364, 371.36802409233155, 411.08665879904026, 449.4164895344845, 486.2723904376223, 491.77431382516806, 483.21200316846955, 0.0, 0.0, 0.0, 342.74801846577054, 383.3799794402818, 422.6934760106002, 454.582440942096, 442.05545076296875, 434.95297151017905, 430.44310427845437, 427.38048965624665, 425.2075779595174, 423.6185779842977, 422.4311058292747, 0.0, 0.0, 0.0, 0.0, 0.0, 211.46576980698094, 255.3491335956696, 298.3170527850222, 340.2218581451364, 380.9309183250482, 420.328063195306, 458.3145391257517, 479.02674893155404, 468.5610170262112, 462.27583664317257, 458.1477880371848, 455.28139362099137, 453.2154233699588, 451.68679475668307, 450.53398935305006, 449.6521971526713, 0.0]}